{
  "entries": [
    {
      "item": "minecraft:iron_ore|0",
      "emc": 256
    },
    {
      "item": "minecraft:gold_ore|0",
      "emc": 2048
    },
    {
      "item": "minecraft:coal_ore|0",
      "emc": 128
    },
    {
      "item": "minecraft:redstone_ore|0",
      "emc": 256
    },
    {
      "item": "tconstruct:ore|0",
      "emc": 1024
    },
    {
      "item": "tconstruct:ore|1",
      "emc": 1024
    },
    {
      "item": "minecraft:quartz_ore|0",
      "emc": 256
    },
    {
      "item": "minecraft:lapis_ore|0",
      "emc": 256
    },
    {
      "item": "minecraft:diamond_ore|0",
      "emc": 8192
    },
    {
      "item": "minecraft:emerald_ore|0",
      "emc": 16384
    },
    {
      "item": "minecraft:dye|4",
      "emc": 64
    },
    {
      "item": "thermalfoundation:ore|0",
      "emc": 128
    },
    {
      "item": "mekanism:oreblock|1",
      "emc": 128
    },
    {
      "item": "immersiveengineering:ore|0",
      "emc": 128
    },
    {
      "item": "thermalfoundation:ore|3",
      "emc": 512
    },
    {
      "item": "immersiveengineering:ore|2",
      "emc": 512
    },
    {
      "item": "immersiveengineering:ore|1",
      "emc": 128
    },
    {
      "item": "thermalfoundation:ore|4",
      "emc": 128
    },
    {
      "item": "thermalfoundation:ore|2",
      "emc": 512
    },
    {
      "item": "immersiveengineering:ore|3",
      "emc": 512
    },
    {
      "item": "immersiveengineering:ore|4",
      "emc": 1024
    },
    {
      "item": "thermalfoundation:ore|5",
      "emc": 1024
    },
    {
      "item": "immersiveengineering:ore|5",
      "emc": 4096
    },
    {
      "item": "bigreactors:oreyellorite|0",
      "emc": 4096
    },
    {
      "item": "thermalfoundation:ore|1",
      "emc": 256
    },
    {
      "item": "mekanism:oreblock|2",
      "emc": 256
    },
    {
      "item": "thermalfoundation:ore|6",
      "emc": 4096
    },
    {
      "item": "thermalfoundation:material|135",
      "emc": 4096
    },
    {
      "item": "thermalfoundation:ore|7",
      "emc": 4096
    },
    {
      "item": "mekanism:oreblock|0",
      "emc": 512
    },
    {
      "item": "actuallyadditions:block_misc|3",
      "emc": 256
    },
    {
      "item": "actuallyadditions:item_misc|5",
      "emc": 256
    },
    {
      "item": "actuallyadditions:item_crystal|0",
      "emc": 64
    },
    {
      "item": "actuallyadditions:item_crystal|1",
      "emc": 64
    },
    {
      "item": "actuallyadditions:item_crystal|2",
      "emc": 8192
    },
    {
      "item": "actuallyadditions:item_crystal|3",
      "emc": 128
    },
    {
      "item": "actuallyadditions:item_crystal|4",
      "emc": 16384
    },
    {
      "item": "actuallyadditions:item_crystal|5",
      "emc": 256
    },
    {
      "item": "actuallyadditions:item_canola_seed|0",
      "emc": 64
    },
    {
      "item": "actuallyadditions:item_misc|13",
      "emc": 64
    },
    {
      "item": "actuallyadditions:block_testifi_bucks_green_wall|0",
      "emc": 1024
    },
    {
      "item": "actuallyadditions:block_testifi_bucks_white_wall|0",
      "emc": 1024
    },
    {
      "item": "environmentaltech:erodium_crystal|0",
      "emc": 8280
    },
    {
      "item": "draconicevolution:draconium_dust|0",
      "emc": 8192
    },
    {
      "item": "draconicevolution:draconium_ingot|0",
      "emc": 8192
    },
    {
      "item": "enderio:item_alloy_ingot|9",
      "emc": 300
    },
    {
      "item": "mysticalagriculture:crafting|5",
      "emc": 512
    },
    {
      "item": "thaumcraft:ore_quartz|0",
      "emc": 256
    },
    {
      "item": "minecraft:blaze_powder|0",
      "emc": 768
    },
    {
      "item": "mekanism:enrichedalloy|0",
      "emc": 320
    },
    {
      "item": "mekanism:controlcircuit|0",
      "emc": 576
    },
    {
      "item": "extrautils2:ingredients|4",
      "emc": 64
    },
    {
      "item": "extrautils2:endershard|0",
      "emc": 128
    },
    {
      "item": "enderio:item_material|20",
      "emc": 16384
    },
    {
      "item": "enderio:item_material|48",
      "emc": 72
    },
    {
      "item": "actuallyadditions:item_dust|5",
      "emc": 256
    },
    {
      "item": "enderio:item_material|33",
      "emc": 256
    },
    {
      "item": "appliedenergistics2:material|3",
      "emc": 256
    },
    {
      "item": "enderio:item_material|50",
      "emc": 128
    },
    {
      "item": "enderio:item_material|32",
      "emc": 64
    },
    {
      "item": "actuallyadditions:item_dust|4",
      "emc": 64
    },
    {
      "item": "enderio:item_material|1",
      "emc": 18029
    },
    {
      "item": "enderio:item_material|36",
      "emc": 9328
    },
    {
      "item": "enderio:item_alloy_ingot|8",
      "emc": 417
    },
    {
      "item": "enderio:item_material|54",
      "emc": 28292
    }
  ]
}