{
    "images":
    {
		"modpack":
		{
            "image" : "mainmenu:skyhightitle.png",
            "posX" : -260,
            "posY" : -100,
            "width" : 200,
            "height" : 50,
            "alignment" : "right_center"
		}
    },
    
    "buttons":
    {
        "singleplayer":
        {
            "text" : "Singleplayer",
            "posX" : -185,
            "posY" : -30,
			"textOffsetX" : 0,
			"textOffsetY" : 0,
            "width" : 110,
            "height" : 20,
			"imageWidth" : 652,
			"imageHeight" : 113,
            "normalTextColor" : 12763842,
			"hoverTextColor" : 9408399,
			"alignment" : "right_center",
			"texture" : "mainmenu:button.png",
            "action" : 
            {
                "type" : "openGui",
                "gui" : "singleplayer"
            }
        },
        "multiplayer":
        {
            "text" : "Multiplayer",
            "posX" : -185,
            "posY" : -10,
			"textOffsetX" : 0,
			"textOffsetY" : 0,
            "width" : 110,
            "height" : 20,
			"imageWidth" : 652,
			"imageHeight" : 113,
            "normalTextColor" : 12763842,
			"hoverTextColor" : 9408399,
			"alignment" : "right_center",
			"texture" : "mainmenu:button.png",
            "action" : 
            {
                "type" : "openGui",
                "gui" : "multiplayer"
            }
        },
        "options":
        {
            "text" : "Options",
            "posX" : -185,
            "posY" : 10,
			"textOffsetX" : 0,
			"textOffsetY" : 0,
            "width" : 110,
            "height" : 20,
			"imageWidth" : 652,
			"imageHeight" : 113,
            "normalTextColor" : 12763842,
			"hoverTextColor" : 9408399,
			"alignment" : "right_center",
			"texture" : "mainmenu:button.png",
            "action" : 
            {
                "type" : "openGui",
                "gui" : "options"
            }
        },		
        "mods":
        {
            "text" : "Mods",
            "posX" : -185,
            "posY" : 30,
			"textOffsetX" : 0,
			"textOffsetY" : 0,
            "width" : 110,
            "height" : 20,
			"imageWidth" : 652,
			"imageHeight" : 113,
            "normalTextColor" : 12763842,
			"hoverTextColor" : 9408399,
			"alignment" : "right_center",
			"texture" : "mainmenu:button.png",
            "action" : 
            {
                "type" : "openGui",
                "gui" : "mods"
            }
        },
        "credits":
        {
            "text" : "Credits",
            "posX" : -185,
            "posY" : 90,
			"textOffsetX" : 0,
			"textOffsetY" : 0,
            "width" : 110,
            "height" : 20,
			"imageWidth" : 652,
			"imageHeight" : 113,
            "normalTextColor" : 12763842,
			"hoverTextColor" : 9408399,
			"alignment" : "right_center",
			"texture" : "mainmenu:button.png",
            "wrappedButton" : 564246764
        
        },
        "website":
        {
            "text" : "",
            "posX" : -210,
            "posY" : 180,
            "width" : 20,
            "height" : 20,
			"alignment" : "top_right",
			"tooltip": "Offical Discord Server",
			"texture" : "mainmenu:discord.png",
			"imageWidth": "40",
			"imageHeight": "40",
            "action" : 
            {
                "type" : "openLink",
				"link" : "https://discord.gg/FmsaTFK7va"
            }
        },
        "quit":
        {
            "text" : "Quit",
            "posX" : -185,
            "posY" : 50,
			"textOffsetX" : 0,
			"textOffsetY" : 0,
            "width" : 110,
            "height" : 20,
			"imageWidth" : 652,
			"imageHeight" : 113,
            "normalTextColor" : 12763842,
			"hoverTextColor" : 9408399,
			"alignment" : "right_center",
			"texture" : "mainmenu:button.png",
            "action" : 
            {
                "type" : "quit"
            }
        },		
        "refresh":
        {
            "text" : "",
            "posX" : 0,
            "posY" : 0,
            "width" : 20,
            "height" : 20,
			"alignment" : "top_left",
            "texture" : "mainmenu:refresh.png",
            "action" : 
            {
                "type" : "refresh"
            }
        }	
    },
    
    "labels":
    {
		"forge":{
			"text" : "Forge #forgeversion#",
            "posX" : 2,
            "posY" : -13,
			"fontSize" : .6,
            "color" : -1,
			"hoverColor" : -1,
            "alignment" : "bottom_left"
		},
		"modsloaded":{
			"text" : "#modsloaded# Mods Loaded",
            "posX" : 2,
            "posY" : -7,
			"fontSize" : .6,
            "color" : -1,
			"hoverColor" : -1,
            "alignment" : "bottom_left"
		},
		"minecraft":{
			"text" : "Minecraft 1.12.2",
            "posX" : -46,
            "posY" : -13,
			"fontSize" : .6,
            "color" : -1,
			"hoverColor" : -1,
            "alignment" : "bottom_right"
		},
		"mojang":{
            "text" : "Copyright Mojang AB",
            "posX" : -57,
            "posY" : -7,
			"fontSize" : .6,
            "color" : -1,
			"hoverColor" : -1,
            "alignment" : "bottom_right"
        }
    },
    
    "other":
    {
	"splash-text":
        {
            "posX" : 90,
            "posY" : 70,
            "color" : -256,
            "alignment" : "top_center",
            "texts" : "file:minecraft:texts/splashes.txt"
        },
        
        "panorama":
        {
            "images" : "panorama:panorama_%c.png",
            "animate" : true,
            "animationSpeed" : 1,
            "blur" : true,
            "gradient" : true
        }
    }
}